field_programme_institution,field_programme_ou,title|en,title|es,field_programme_code,field_programme_abbreviation,field_isced_f____0,field_isced_f____1,field_programme_type,field_learning_opportunity_type____0,field_learning_opportunity_type____1,field_eqf_level,field_programme_mode_of_learning____0,field_programme_mode_of_learning____1,field_length_of_programme,field_number_of_terms,field_programme_type_of_credits,field_credits,field_programme_mode_of_study,field_programme_language_of_inst____0,field_programme_language_of_inst____1,field_programme_start_date,field_programme_end_date,field_avaliable_for_mobility,field_programme_restricted_allia,field_coordinator|en,field_coordinator|es,field_email,field_programme_phone,field_programme_web___uri|en,field_programme_web___title|en,field_programme_web___uri|es,field_programme_web___title|es,field_programme_description|en,field_programme_description|es,field_main_objective|en,field_main_objective|es,field_competencies|en,field_competencies|es,field_programme_learn_outcomes|en,field_programme_learn_outcomes|es,field_qualification_awarded,field_distribution_of_credits|en,field_distribution_of_credits|es,field_programme_requirements|en,field_programme_requirements|es,field_arrangments_recognition|en,field_arrangments_recognition|es,field_qualification_requirements|en,field_qualification_requirements|es,field_programme_grading_scheme|en,field_programme_grading_scheme|es,field_programme_grading_table|en,field_programme_grading_table|es,field_programme_mobility|en,field_programme_mobility|es,field_programme_mobility_windows|en,field_programme_mobility_windows|es,field_professional_practices,field_programme_work_placements|en,field_programme_work_placements|es,field_work_based_learning|en,field_work_based_learning|es,field_occupational_profiles|en,field_occupational_profiles|es,field_access_to_further_studies|en,field_access_to_further_studies|es,field_programme_qualification|en,field_programme_qualification|es
uvigo.es,mining,Master's Degree in Sustainable Water Management,Máster Universitario en Gestión sostenible del agua,"	V09M195",MUXSA,0521,0712,Master,79343569f3,,7,9191af2ed9,,3,2,ects,90,72a0ab92fa,Spanish,English,2020-09-01,,0,0,María Araújo Fernández,,maraujo@uvigo.gal,,https://minaseenerxia.uvigo.es/es/estudios/mestrados/mugsa/,Programme wetsite,,,"The Interuniversity Master's Degree in Sustainable Water Management forms part of the catalogue of new G2030 degree programmes within the Galician University System (SUG). These programmes have been identified as essential for training the professional profiles of the future, enabling society to meet the social and labour-market needs and demands of the coming years and positioning Galician society more effectively to address future challenges.

Water is a finite resource that is essential for economic development, human health, and well-being. At the global level, factors such as: (i) population pressure, (ii) economic development associated with increasing demands from agriculture, industry, and energy production, (iii) urbanisation, (iv) changes in lifestyles and consumption patterns, and (v) climate change and environmental degradation, are seriously threatening its future availability.

The central role of water in economic growth and environmental sustainability is making it one of the key issues underlying the world's most significant future challenges and one of the foremost concerns of both society and governments. In the coming years, aspects such as water conservation, seawater desalination, rainwater harvesting and storage, water reuse, and aquifer remediation, together with effective water-resource planning and the application of new technologies for integrated data analysis and improved water treatment, will be critical to achieving the sustainable management of this resource. Such management must be aligned, among other frameworks, with the requirements of the Water Framework Directive and the Sustainable Development Goals (SDGs).","El Máster Interuniversitario en Gestión Sostenible del Agua forma parte de la oferta de nuevas titulaciones G2030 del Sistema Universitario de Galicia (SUG). Estas titulaciones han sido identificadas como esenciales para la formación de los perfiles profesionales del futuro, permitiendo a la sociedad responder a las necesidades y demandas sociales y del mercado laboral de los próximos años, y posicionando a la sociedad gallega de manera más eficaz para afrontar los retos venideros.

El agua es un recurso finito y esencial para el desarrollo económico, la salud humana y el bienestar. A escala global, factores como: (i) la presión demográfica, (ii) el desarrollo económico asociado al incremento de la demanda por parte de la agricultura, la industria y la producción de energía, (iii) la urbanización, (iv) los cambios en los estilos de vida y los patrones de consumo, y (v) el cambio climático y la degradación ambiental, están amenazando seriamente su disponibilidad futura.

El papel central del agua en el crecimiento económico y la sostenibilidad ambiental la está convirtiendo en una de las cuestiones clave que subyacen a los desafíos más importantes que afrontará el mundo en el futuro, así como en una de las principales preocupaciones tanto para la sociedad como para los gobiernos. En los próximos años, aspectos como la conservación del agua, la desalación de agua de mar, la captación y almacenamiento de agua de lluvia, la reutilización del agua y la recuperación de acuíferos, junto con una planificación eficaz de los recursos hídricos y la aplicación de nuevas tecnologías para el análisis integrado de datos y la mejora de los tratamientos del agua, serán fundamentales para lograr una gestión sostenible de este recurso. Dicha gestión debe estar alineada, entre otros marcos de referencia, con los requisitos de la Directiva Marco del Agua y los Objetivos de Desarrollo Sostenible (ODS).","The main objective of the Interuniversity Master's Degree in Sustainable Water Management (MUGSA/MUXSA) is to train professionals capable of addressing the complex environmental, technical, legal, economic, and social challenges involved in the sustainable management of water resources.

More specifically, the programme aims to provide students with:

A comprehensive understanding of integrated water resources management (IWRM) and its role in achieving water security and the Sustainable Development Goals (SDGs).
Knowledge of the scientific, technical, legal, economic, and governance dimensions of water management, enabling informed decision-making.
Skills to plan and manage water systems in urban and natural environments, including water supply, sanitation, drainage, water reuse, and ecosystem protection.
Expertise in innovative and sustainable water treatment technologies, water quality assessment, hydrological planning, climate-change adaptation, and nature-based solutions.
Competencies in data analysis, geographic information systems (GIS), artificial intelligence, and monitoring technologies applied to water-resource management.

A distinctive feature of the master's is its interdisciplinary approach, combining engineering, environmental science, policy, law, economics, and data analytics to prepare graduates for leadership roles in the water sector.","El objetivo principal del Máster Interuniversitario en Gestión Sostenible del Agua (MUGSA/MUXSA) es formar profesionales capaces de afrontar los complejos desafíos ambientales, técnicos, jurídicos, económicos y sociales que implica la gestión sostenible de los recursos hídricos.

Más específicamente, el programa tiene como finalidad proporcionar al estudiantado:

Una comprensión integral de la Gestión Integrada de los Recursos Hídricos (GIRH) y de su papel en la consecución de la seguridad hídrica y de los Objetivos de Desarrollo Sostenible (ODS).
Conocimientos sobre las dimensiones científicas, técnicas, jurídicas, económicas y de gobernanza de la gestión del agua, que permitan una toma de decisiones fundamentada.
Capacidades para planificar y gestionar sistemas hídricos en entornos urbanos y naturales, incluyendo el abastecimiento de agua, el saneamiento, el drenaje, la reutilización del agua y la protección de los ecosistemas.
Conocimientos especializados en tecnologías innovadoras y sostenibles de tratamiento del agua, evaluación de la calidad del agua, planificación hidrológica, adaptación al cambio climático y soluciones basadas en la naturaleza.
Competencias en análisis de datos, sistemas de información geográfica (SIG), inteligencia artificial y tecnologías de monitorización aplicadas a la gestión de los recursos hídricos.

Una característica distintiva del máster es su enfoque interdisciplinar, que combina ingeniería, ciencias ambientales, políticas públicas, derecho, economía y análisis de datos, con el fin de preparar a los titulados y tituladas para asumir funciones de liderazgo en el sector del agua.",,,"The programme documentation emphasizes competencies rather than listing a concise set of learning outcomes. Based on the official master's objectives, graduates are expected to be able to:

Apply integrated water resources management principles to address water security, sustainability, and climate-related challenges.
Evaluate water quantity and quality issues in surface waters, groundwater, urban systems, and aquatic ecosystems.
Design and assess sustainable solutions for water supply, treatment, reuse, desalination, stormwater management, and aquifer restoration.
Integrate environmental, technical, economic, legal, and governance considerations into water-management decision-making.
Use advanced analytical and digital tools, including GIS, environmental monitoring systems, modelling techniques, and data analytics, to support water-resource planning.
Develop and implement water-management strategies aligned with European regulations, particularly the Water Framework Directive, and with the Sustainable Development Goals (SDGs).
Conduct research and innovation projects related to sustainable water management, including the critical evaluation of scientific and technical information.
Communicate and collaborate effectively with multidisciplinary stakeholders involved in water governance, environmental protection, and infrastructure management.
Assess the impacts of climate change and human activities on water resources and propose adaptation and mitigation measures.
Demonstrate professional autonomy and leadership in solving complex water-management problems in public, private, and research settings.","La documentación del programa pone el énfasis en las competencias más que en una relación concisa de resultados de aprendizaje. Sobre la base de los objetivos oficiales del máster, se espera que las personas egresadas sean capaces de:

Aplicar los principios de la Gestión Integrada de los Recursos Hídricos (GIRH) para abordar los desafíos relacionados con la seguridad hídrica, la sostenibilidad y el cambio climático.
Evaluar los problemas relacionados con la cantidad y la calidad del agua en aguas superficiales, aguas subterráneas, sistemas urbanos y ecosistemas acuáticos.
Diseñar y evaluar soluciones sostenibles para el abastecimiento de agua, el tratamiento y la reutilización del agua, la desalación, la gestión de aguas pluviales y la restauración de acuíferos.
Integrar consideraciones ambientales, técnicas, económicas, jurídicas y de gobernanza en los procesos de toma de decisiones relacionados con la gestión del agua.
Utilizar herramientas analíticas y digitales avanzadas, incluyendo sistemas de información geográfica (SIG), sistemas de monitorización ambiental, técnicas de modelización y análisis de datos, para apoyar la planificación de los recursos hídricos.
Desarrollar e implementar estrategias de gestión del agua alineadas con la normativa europea, en particular con la Directiva Marco del Agua, y con los Objetivos de Desarrollo Sostenible (ODS).
Llevar a cabo proyectos de investigación e innovación relacionados con la gestión sostenible del agua, incluyendo la evaluación crítica de información científica y técnica.
Comunicarse y colaborar eficazmente con agentes multidisciplinares implicados en la gobernanza del agua, la protección ambiental y la gestión de infraestructuras.
Evaluar los impactos del cambio climático y de las actividades humanas sobre los recursos hídricos, proponiendo medidas de adaptación y mitigación.
Demostrar autonomía profesional y capacidad de liderazgo en la resolución de problemas complejos de gestión del agua en contextos públicos, privados y de investigación.",,,,,,,,,,,,,,,,,,1,,,,,,,,,,
uvigo.es,mining,Master's Degree in Mining Engineering,Máster Universitario en Ingeniería de Minas,V09M148,MUEM,0724,,Master,79343569f3,,7,9191af2ed9,,4,2,ects,120,72a0ab92fa,English,Spanish,2020-09-01,,0,0,Elena Alonso Prieto,,ealonso@uvigo.es,,https://minaseenerxia.uvigo.es/es/estudios/mestrados/muim/,Programme wetsite,,,"The master's is designed to provide advanced training in the calculation, simulation, design, management, analysis, and technical leadership of technological processes related to the production, transformation, storage, transport, and use of mineral raw materials and energy resources, all within a framework of sustainability.

The programme responds to current global challenges such as the energy transition, decarbonisation, and the growing demand for critical raw materials needed for renewable energy technologies and industrial digitalisation. Students develop expertise in the exploration, extraction, processing, and sustainable management of mineral and energy resources while learning to balance industrial development with environmental protection.","El máster está diseñado para proporcionar una formación avanzada en el cálculo, la simulación, el diseño, la gestión, el análisis y la dirección técnica de procesos tecnológicos relacionados con la producción, transformación, almacenamiento, transporte y utilización de materias primas minerales y recursos energéticos, todo ello dentro de un marco de sostenibilidad.

El programa responde a desafíos globales actuales como la transición energética, la descarbonización y la creciente demanda de materias primas críticas necesarias para las tecnologías de energías renovables y la digitalización industrial. El estudiantado desarrolla competencias en la exploración, extracción, procesamiento y gestión sostenible de los recursos minerales y energéticos, al tiempo que aprende a equilibrar el desarrollo industrial con la protección del medio ambiente.","The Master's Degree in Mining Engineering aims to educate highly qualified engineers capable of designing, managing, and optimising mining and energy systems through advanced engineering methods, while ensuring the sustainable and environmentally responsible exploitation of mineral and energy resources in support of industrial development and the energy transition.","El Máster en Ingeniería de Minas tiene como objetivo formar ingenieros e ingenieras altamente cualificados, capaces de diseñar, gestionar y optimizar sistemas mineros y energéticos mediante métodos avanzados de ingeniería, garantizando al mismo tiempo la explotación sostenible y ambientalmente responsable de los recursos minerales y energéticos, en apoyo del desarrollo industrial y de la transición energética.",,,"Demonstrate advanced knowledge of mining engineering, including mineral exploration, extraction, processing, and resource management.
Understand the scientific and technological principles underlying mining operations, energy systems, geotechnics, underground works, and industrial processes.
Explain the environmental, economic, legal, and social dimensions of mining and energy activities.
Understand the role of critical raw materials, energy resources, and sustainable development in the context of the energy transition and circular economy.
Apply advanced concepts of numerical modelling, simulation, and optimisation to engineering systems.","Demostrar conocimientos avanzados en ingeniería de minas, incluyendo la exploración, extracción, procesamiento y gestión de recursos minerales.
Comprender los principios científicos y tecnológicos que sustentan las operaciones mineras, los sistemas energéticos, la geotecnia, las obras subterráneas y los procesos industriales.
Explicar las dimensiones ambientales, económicas, jurídicas y sociales de las actividades mineras y energéticas.
Comprender el papel de las materias primas críticas, los recursos energéticos y el desarrollo sostenible en el contexto de la transición energética y la economía circular.
Aplicar conceptos avanzados de modelización numérica, simulación y optimización a sistemas de ingeniería.",,,,,,,,,,,,,,,,,,0,,,,,,,,,,